,,,,,Games,,Passing,,,,,Rushing,,,,Receiving,,,,,Fumbles,,Scoring,,,Fantasy,,,,,,,-additional
Rk,Player,Tm,FantPos,Age,G,GS,Cmp,Att,Yds,TD,Int,Att,Yds,Y/A,TD,Tgt,Rec,Yds,Y/R,TD,Fmb,FL,TD,2PM,2PP,FantPt,PPR,DKPt,FDPt,VBD,PosRank,OvRank,-9999
1,Christian McCaffrey,SFO,RB,27,5,5,0,0,0,0,0,99,510,5.15,7,24,20,168,8.40,1,2,1,8,,,114,133.8,140.8,123.8,71,1,1,McCaCh01
2,Tyreek Hill,MIA,WR,29,5,5,0,0,0,0,0,1,14,14.00,0,49,36,651,18.08,5,0,0,5,,,97,132.5,135.5,114.5,54,1,2,HillTy00
3,De'Von Achane,MIA,RB,22,4,1,0,0,0,0,0,38,460,12.11,5,11,9,67,7.44,2,1,1,7,,,93,101.7,105.7,97.2,51,2,3,AchaDe00
4,Raheem Mostert,MIA,RB,31,5,5,0,0,0,0,0,58,314,5.41,7,17,15,128,8.53,1,3,1,8,,,90,105.2,112.2,97.7,49,3,4,MostRa00
5,D.J. Moore,CHI,WR,26,5,5,0,0,0,0,0,0,0,,0,34,27,531,19.67,5,0,0,5,,,83,110.1,113.1,96.6,42,2,5,MoorD.00
6,Stefon Diggs,BUF,WR,30,5,5,0,0,0,0,0,0,0,,0,50,39,520,13.33,5,1,1,5,,,80,119.0,123.0,99.5,39,3,6,DiggSt00
7,Zack Moss,IND,RB,26,4,4,0,0,0,0,0,89,445,5.00,3,10,8,72,9.00,1,0,0,4,1,,78,85.7,88.7,81.7,37,4,7,MossZa00
8,Kyren Williams,LAR,RB,23,5,4,0,0,0,0,0,77,298,3.87,5,24,13,105,8.08,1,1,0,6,,,76,89.3,95.3,82.8,35,5,8,WillKy02
9,David Montgomery,DET,RB,26,4,4,0,0,0,0,0,88,371,4.22,6,9,5,47,9.40,0,1,1,6,,,76,80.8,84.8,78.3,35,6,9,MontDa01
10,Travis Etienne,JAX,RB,24,5,5,0,0,0,0,0,95,396,4.17,3,21,18,144,8.00,0,0,0,3,1,,74,92.0,98.0,83.0,33,7,10,EtieTr00
11,Justin Jefferson,MIN,WR,24,5,5,0,0,0,0,0,0,0,,0,53,36,571,15.86,3,1,1,3,,,73,109.1,113.1,91.1,32,4,11,JeffJu00
12,Puka Nacua,LAR,WR,22,5,5,0,0,0,0,0,2,4,2.00,0,63,46,572,12.43,2,1,0,2,,,70,115.6,118.6,92.6,29,5,12,NacuPu00
13,Keenan Allen,LAC,WR,31,4,4,1,1,49,1,0,2,6,3.00,0,44,35,434,12.40,3,1,0,3,,,68,103.0,106.0,85.5,27,6,13,AlleKe00
14,Josh Allen,BUF,QB,27,5,5,128,175,1407,11,5,20,120,6.00,3,0,0,0,,0,2,1,3,,,118,118.3,130.3,123.3,26,1,14,AlleJo02
15,A.J. Brown,PHI,WR,26,5,5,0,0,0,0,0,0,0,,0,51,35,541,15.46,2,0,0,2,,,66,101.1,104.1,83.6,26,7,15,BrowAJ00
16,Ja'Marr Chase,CIN,WR,23,5,5,0,0,0,0,0,1,2,2.00,0,60,44,476,10.82,3,0,0,3,,,66,109.8,112.8,87.8,25,8,16,ChasJa00
17,Kenneth Walker III,SEA,RB,23,4,4,0,0,0,0,0,64,283,4.42,5,10,8,73,9.13,0,0,0,5,,,66,73.6,76.6,69.6,25,8,17,WalkKe00
18,Nico Collins,HOU,WR,24,5,2,0,0,0,0,0,0,0,,0,36,25,467,18.68,3,0,0,3,,,65,89.7,92.7,77.2,24,9,18,CollNi00
19,D'Andre Swift,PHI,RB,24,5,4,0,0,0,0,0,76,434,5.71,2,17,15,75,5.00,0,0,0,2,,,63,77.9,80.9,70.4,23,9,19,SwifDA00
20,Davante Adams,LVR,WR,31,5,5,0,0,0,0,0,0,0,,0,54,37,442,11.95,3,0,0,3,,,62,99.2,102.2,80.7,22,10,20,AdamDa01
21,Brian Robinson Jr.,WAS,RB,24,5,5,0,0,0,0,0,67,271,4.04,3,11,9,88,9.78,1,1,0,4,1,,62,70.9,73.9,66.4,22,10,21,RobiBr01
22,Sam LaPorta,DET,TE,22,5,4,0,0,0,0,0,0,0,,0,31,25,289,11.56,3,0,0,3,,,47,71.9,74.9,59.4,22,1,22,LaPoSa01
23,Bijan Robinson,ATL,RB,21,5,5,0,0,0,0,0,67,364,5.43,0,24,21,146,6.95,2,1,1,2,,,61,82.0,89.0,71.5,21,11,23,RobiBi01
24,Isiah Pacheco,KAN,RB,24,5,4,0,0,0,0,0,71,325,4.58,3,13,11,99,9.00,0,0,0,3,,,60,71.4,74.4,65.9,21,12,24,PachIs00
25,Adam Thielen,CAR,WR,33,5,5,0,0,0,0,0,1,6,6.00,0,46,38,394,10.37,3,0,0,3,1,,60,98.0,101.0,79.0,20,11,25,ThieAd00
26,Derrick Henry,TEN,RB,29,5,5,1,2,2,1,0,86,328,3.81,2,11,9,101,11.22,0,0,0,2,,,59,68.0,74.0,63.5,19,13,26,HenrDe00
27,Jalen Hurts,PHI,QB,25,5,5,113,168,1262,6,4,55,206,3.75,4,0,0,0,,0,1,1,4,,,109,109.1,120.1,113.1,18,2,27,HurtJa00
28,Cole Kmet,CHI,TE,24,5,5,0,0,0,0,0,2,1,0.50,0,29,23,231,10.04,3,1,0,3,,,41,64.2,67.2,52.7,16,2,28,KmetCo00
29,Tony Pollard,DAL,RB,26,5,5,0,0,0,0,0,81,340,4.20,2,22,19,96,5.05,0,2,1,2,1,,56,74.6,78.6,65.1,16,14,29,PollTo00
30,Gabriel Davis,BUF,WR,24,5,5,0,0,0,0,0,1,-2,-2.00,0,26,18,320,17.78,4,0,0,4,,,56,73.8,76.8,64.8,16,12,30,DaviGa01
31,Mark Andrews,BAL,TE,28,4,3,0,0,0,0,0,0,0,,0,28,20,225,11.25,3,0,0,3,,,41,60.5,63.5,50.5,16,3,31,AndrMa00
32,Travis Kelce,KAN,TE,34,4,4,0,0,0,0,0,0,0,,0,37,27,222,8.22,3,0,0,3,,,40,67.2,70.2,53.7,15,4,32,KelcTr00
33,Josh Jacobs,LVR,RB,25,5,5,0,0,0,0,0,82,235,2.87,2,30,23,193,8.39,0,0,0,2,,,55,77.8,83.8,66.3,15,15,33,JacoJo01
34,George Kittle,SFO,TE,30,5,5,0,0,0,0,0,0,0,,0,23,17,215,12.65,3,0,0,3,,,40,56.5,59.5,48.0,15,5,34,KittGe00
35,George Pickens,PIT,WR,22,5,5,0,0,0,0,0,1,16,16.00,0,40,22,393,17.86,2,1,0,2,,,53,74.9,77.9,63.9,13,13,35,PickGe00
36,Mike Evans,TAM,WR,30,4,4,0,0,0,0,0,0,0,,0,31,20,337,16.85,3,0,0,3,,,52,71.7,74.7,61.7,12,14,36,EvanMi00
37,James Conner,ARI,RB,28,5,5,0,0,0,0,0,68,364,5.35,2,10,8,30,3.75,0,0,0,2,,,51,59.4,62.4,55.4,12,16,37,ConnJa00
38,Marquise Brown,ARI,WR,26,5,5,0,0,0,0,0,1,29,29.00,0,42,25,300,12.00,3,0,0,3,,,51,75.9,78.9,63.4,11,15,38,BrowMa04
39,Breece Hall,NYJ,RB,22,5,5,0,0,0,0,0,54,387,7.17,1,13,8,59,7.38,0,2,0,1,,,51,58.6,61.6,54.6,11,17,39,HallBr03
40,Deebo Samuel,SFO,WR,27,5,5,0,0,0,0,0,16,84,5.25,1,31,20,302,15.10,1,1,0,2,,,51,70.6,73.6,60.6,11,16,40,SamuDe00
41,T.J. Hockenson,MIN,TE,26,5,3,0,0,0,0,0,0,0,,0,39,30,254,8.47,2,1,1,2,,,35,65.4,69.4,50.4,11,6,41,HockTJ00
42,Brandon Aiyuk,SFO,WR,25,4,4,0,0,0,0,0,0,0,,0,27,21,378,18.00,2,0,0,2,,,50,70.8,73.8,60.3,10,17,42,AiyuBr00
43,James Cook,BUF,RB,24,5,5,0,0,0,0,0,61,292,4.79,1,18,14,140,10.00,0,0,0,1,,,49,63.2,69.2,56.2,10,18,43,CookJa01
44,Justin Fields,CHI,QB,24,5,5,94,152,1143,11,5,39,191,4.90,1,0,0,0,,0,4,2,1,,,101,100.8,113.8,105.8,10,3,44,FielJu00
45,Kirk Cousins,MIN,QB,35,5,5,137,204,1498,13,4,8,22,2.75,0,0,0,0,,0,5,3,0,,,100,100.1,110.1,104.1,9,4,45,CousKi00
46,Brock Purdy,SFO,QB,24,5,5,98,136,1271,9,0,12,24,2.00,2,0,0,0,,0,4,1,2,,,99,99.2,103.2,99.2,8,5,46,PurdBr00
47,Patrick Mahomes,KAN,QB,28,5,5,123,184,1287,10,4,23,154,6.70,0,0,0,0,,0,1,0,0,,,99,98.9,108.9,102.9,8,6,47,MahoPa00
48,Tua Tagovailoa,MIA,QB,25,5,5,119,166,1614,11,5,13,21,1.62,0,0,0,0,,0,5,1,0,,,99,98.7,107.7,103.7,8,7,48,TagoTu00
49,Josh Reynolds,DET,WR,28,5,4,0,0,0,0,0,0,0,,0,24,16,291,18.19,3,0,0,3,,,47,63.1,66.1,55.1,8,18,49,ReynJo00
50,Joe Mixon,CIN,RB,27,5,5,0,0,0,0,0,84,328,3.90,1,17,13,80,6.15,0,0,0,1,,,47,59.8,62.8,53.3,8,19,50,MixoJo00
51,Calvin Ridley,JAX,WR,29,5,5,0,0,0,0,0,2,14,7.00,0,36,22,333,15.14,2,1,0,2,,,47,68.7,71.7,57.7,7,19,51,RidlCa00
52,Jakobi Meyers,LVR,WR,27,4,4,0,0,0,0,0,1,0,0.00,0,36,25,274,10.96,3,0,0,3,,,45,70.4,73.4,57.9,6,20,52,MeyeJa01
53,Alexander Mattison,MIN,RB,25,5,5,0,0,0,0,0,64,276,4.31,0,21,14,76,5.43,2,1,1,2,,,45,59.2,63.2,52.2,6,20,53,MattAl01
54,Tank Dell,HOU,WR,24,5,3,0,0,0,0,0,4,9,2.25,0,28,19,324,17.05,2,1,0,2,,,45,64.3,67.3,54.8,6,21,54,DellNa00
55,Russell Wilson,DEN,QB,35,5,5,109,163,1210,11,2,18,119,6.61,0,0,0,0,,0,3,2,0,,,96,96.3,106.3,98.3,6,8,55,WilsRu00
56,Hunter Henry,NWE,TE,29,5,4,0,0,0,0,0,0,0,,0,25,17,176,10.35,2,0,0,2,,,30,46.6,49.6,38.1,5,7,56,HenrHu00
57,Jerome Ford,CLE,RB,24,4,2,0,0,0,0,0,50,186,3.72,1,13,10,77,7.70,2,1,1,3,1,,44,54.3,58.3,49.3,5,21,57,FordJe00
58,Justin Herbert,LAC,QB,25,4,4,103,145,1106,7,1,20,55,2.75,3,0,0,0,,0,1,0,3,,1,96,95.7,99.7,96.7,5,9,58,HerbJu00
59,Lamar Jackson,BAL,QB,26,5,5,100,143,1030,4,2,47,265,5.64,4,0,0,0,,0,7,4,4,,,96,95.7,107.7,97.7,5,10,59,JackLa00
60,CeeDee Lamb,DAL,WR,24,5,5,0,0,0,0,0,3,21,7.00,0,35,27,358,13.26,1,1,0,1,,,44,70.9,73.9,57.4,5,22,60,LambCe00
61,Amon-Ra St. Brown,DET,WR,24,4,4,0,0,0,0,0,1,4,4.00,0,35,26,331,12.73,2,1,1,2,,,44,69.5,73.5,56.5,4,23,61,StxxAm00
62,Logan Thomas,WAS,TE,32,4,4,0,0,0,0,0,1,2,2.00,0,25,18,183,10.17,2,1,1,2,,,29,46.5,50.5,37.5,4,8,62,ThomLo00
63,Jordan Addison,MIN,WR,21,5,2,0,0,0,0,0,0,0,,0,29,19,249,13.11,3,0,0,3,,,43,61.9,64.9,52.4,4,24,63,AddiJo00
64,Tutu Atwell,LAR,WR,24,5,5,0,0,0,0,0,2,27,13.50,0,40,24,279,11.63,2,0,0,2,,,43,66.6,69.6,54.6,4,25,64,AtweTu00
65,Jared Goff,DET,QB,29,5,5,111,159,1265,9,3,14,12,0.86,2,0,0,0,,0,0,0,2,,,94,93.8,99.8,96.8,3,11,65,GoffJa00
66,Dalton Schultz,HOU,TE,27,5,1,0,0,0,0,0,0,0,,0,27,17,154,9.06,2,0,0,2,,,27,44.4,47.4,35.9,3,9,66,SchuDa00
67,Khalil Herbert,CHI,RB,25,5,5,0,0,0,0,0,51,272,5.33,0,18,10,83,8.30,1,1,1,1,1,,42,51.5,55.5,46.5,3,22,67,HerbKh00
68,Dallas Goedert,PHI,TE,28,5,5,0,0,0,0,0,0,0,,0,28,21,205,9.76,1,0,0,1,,,27,47.5,50.5,37.0,2,10,68,GoedDa00
69,DeVonta Smith,PHI,WR,25,5,5,0,0,0,0,0,0,0,,0,34,23,290,12.61,2,0,0,2,,,41,64.0,67.0,52.5,2,26,69,SmitDe07
70,Evan Engram,JAX,TE,29,5,5,0,0,0,0,0,0,0,,0,37,29,260,8.97,0,1,0,0,,,26,55.0,58.0,40.5,2,11,70,EngrEv00
71,Romeo Doubs,GNB,WR,23,5,4,0,0,0,0,0,0,0,,0,37,21,228,10.86,3,0,0,3,,,41,61.8,64.8,51.3,2,27,71,DoubRo00
72,Christian Kirk,JAX,WR,27,5,5,1,1,-1,0,0,1,6,6.00,0,43,30,335,11.17,1,0,0,1,,,40,70.1,73.1,55.1,1,28,72,KirkCh01
73,Garrett Wilson,NYJ,WR,23,5,5,0,0,0,0,0,0,0,,0,43,24,279,11.63,2,0,0,2,,,40,63.9,66.9,51.9,1,29,73,WilsGa00
74,Dameon Pierce,HOU,RB,23,5,5,0,0,0,0,0,84,247,2.94,1,12,9,84,9.33,0,0,0,1,,,39,48.1,51.1,43.6,,23,74,PierDa01
75,Darren Waller,NYG,TE,31,5,5,0,0,0,0,0,0,0,,0,34,23,239,10.39,0,0,0,0,,,24,46.9,49.9,35.4,,12,75,WallDa01
76,D.K. Metcalf,SEA,WR,26,4,4,0,0,0,0,0,0,0,,0,23,18,268,14.89,2,0,0,2,,,39,56.8,59.8,47.8,,30,76,MetcDK00
77,Alex Armah,WAS,,29,1,0,0,0,0,0,0,0,0,,0,0,0,0,,0,0,0,0,,,,,,,,1,77,ArmaAl00
78,Jordan Love,GNB,QB,25,5,5,90,162,1083,8,6,18,109,6.06,2,0,0,0,,0,2,0,2,,2,90,90.2,102.2,96.2,,12,78,LoveJo03
79,C.J. Stroud,HOU,QB,22,5,5,114,186,1461,7,0,15,53,3.53,0,1,1,0,0.00,0,3,2,0,,,88,88.7,93.7,88.2,,13,,StroCJ00
80,Sam Howell,WAS,QB,23,5,5,131,191,1349,6,6,15,101,6.73,1,0,0,0,,0,2,1,1,1,,82,82.1,95.1,88.1,,14,,HoweSa00
81,Joshua Dobbs,ARI,QB,28,5,5,102,155,980,6,2,27,142,5.26,1,0,0,0,,0,5,3,1,1,,75,75.4,86.4,77.4,,15,,DobbJo00
82,Trevor Lawrence,JAX,QB,24,5,5,121,180,1258,5,2,30,132,4.40,0,0,0,0,,0,6,3,0,,,74,73.5,84.5,75.5,,16,,LawrTr00
83,Anthony Richardson,IND,QB,21,4,4,50,84,577,3,1,25,136,5.44,4,0,0,0,,0,3,1,4,,2,73,72.7,80.7,73.7,,18,,RichAn03
84,Matthew Stafford,LAR,QB,35,5,5,124,203,1451,5,5,10,49,4.90,0,0,0,0,,0,0,0,0,,,73,72.9,80.9,77.9,,17,,StafMa00
85,Desmond Ridder,ATL,QB,24,5,5,102,156,1073,4,3,18,57,3.17,2,1,1,-6,-6.00,0,3,2,2,,1,68,69.0,77.0,71.5,,19,,RiddDe00
86,Baker Mayfield,TAM,QB,28,4,4,87,125,882,7,2,23,61,2.65,0,0,0,0,,0,1,0,0,,1,67,67.4,72.4,69.4,,20,,MayfBa00
87,Dak Prescott,DAL,QB,30,5,5,111,160,1061,5,4,12,45,3.75,0,0,0,0,,0,0,0,0,,,59,58.9,65.9,62.9,,21,,PresDa01
88,Geno Smith,SEA,QB,33,4,4,84,123,846,5,1,8,22,2.75,0,1,1,-2,-2.00,0,0,0,0,,1,56,56.8,60.8,57.3,,22,,SmitGe00
89,Joe Burrow,CIN,QB,27,5,5,123,197,1045,5,3,12,10,0.83,0,0,0,0,,0,1,1,0,,,55,54.8,61.8,57.8,,24,,BurrJo01
90,Daniel Jones,NYG,QB,26,5,5,104,151,884,2,6,38,197,5.18,1,0,0,0,,0,4,1,1,,,55,55.1,68.1,61.1,,23,,JoneDa05
91,Kenny Pickett,PIT,QB,25,5,5,95,159,1027,5,4,16,12,0.75,0,0,0,0,,0,0,0,0,,,54,54.3,61.3,58.3,,25,,PickKe00
92,Deshaun Watson,CLE,QB,28,3,3,65,102,678,4,2,15,83,5.53,1,0,0,0,,0,4,2,1,2,,53,53.4,60.4,55.4,,26,,WatsDe00
93,Jimmy Garoppolo,LVR,QB,32,4,4,86,125,917,6,7,16,23,1.44,0,0,0,0,,0,1,0,0,,1,51,51.0,61.0,58.0,,27,,GaroJi00
94,Zach Wilson,NYJ,QB,24,5,4,91,149,911,4,5,15,83,5.53,0,0,0,0,,0,3,1,0,1,,51,50.7,59.7,55.7,,28,,WilsZa00
95,Mac Jones,NWE,QB,25,5,5,105,168,1008,5,6,15,60,4.00,0,0,0,0,,0,2,2,0,,,50,50.3,61.3,56.3,,29,,JoneMa05
96,Ryan Tannehill,TEN,QB,35,5,5,90,142,1052,2,5,12,40,3.33,1,0,0,0,,0,3,0,1,,,50,50.1,58.1,55.1,,30,,TannRy00
97,Derek Carr,NOR,QB,32,5,5,98,150,946,4,2,10,5,0.50,0,0,0,0,,0,1,1,0,,,48,48.3,54.3,50.3,,31,,CarrDe02
98,Bryce Young,CAR,QB,22,4,4,92,144,750,5,4,8,65,8.13,0,0,0,0,,0,3,2,0,,1,47,46.5,55.5,50.5,,32,,YounBr01
99,Jaleel McLaughlin,DEN,RB,23,5,0,0,0,0,0,0,22,160,7.27,1,8,7,46,6.57,2,0,0,3,,,39,45.6,48.6,42.1,,24,,McLaJa00
100,Terry McLaurin,WAS,WR,28,5,5,0,0,0,0,0,0,0,,0,31,25,261,10.44,1,0,0,2,,,38,63.1,66.1,50.6,,32,,McLaTe00
101,Chris Olave,NOR,WR,23,5,3,0,0,0,0,0,0,0,,0,43,25,318,12.72,1,0,0,1,,,38,62.8,65.8,50.3,,33,,OlavCh00
102,Michael Pittman Jr.,IND,WR,26,5,5,0,0,0,0,0,0,0,,0,46,31,297,9.58,1,1,0,1,1,,38,68.7,71.7,53.2,,34,,PittMi01
103,Curtis Samuel,WAS,WR,27,5,3,0,0,0,0,0,3,20,6.67,1,27,23,243,10.57,1,0,0,2,,,38,61.3,64.3,49.8,,31,,SamuCu00
104,Michael Wilson,ARI,WR,23,5,4,0,0,0,0,0,0,0,,0,18,15,255,17.00,2,0,0,2,,,38,52.5,55.5,45.0,,35,,WilsMi02
105,Courtland Sutton,DEN,WR,28,5,5,0,0,0,0,0,0,0,,0,31,21,229,10.90,3,2,2,3,,,37,57.9,62.9,47.4,,36,,SuttCo00
106,Tyler Allgeier,ATL,RB,23,5,1,0,0,0,0,0,62,191,3.08,2,9,6,32,5.33,0,0,0,2,1,,36,42.3,45.3,39.3,,25,,AllgTy00
107,DeAndre Hopkins,TEN,WR,31,5,5,0,0,0,0,0,0,0,,0,42,26,356,13.69,0,0,0,0,,,36,61.6,64.6,48.6,,38,,HopkDe00
108,Marvin Mims,DEN,WR,21,5,2,0,0,0,0,0,3,13,4.33,0,12,10,246,24.60,1,1,1,2,,,36,45.9,49.9,40.9,,37,,MimsMa00
109,Jayden Reed,GNB,WR,23,5,4,0,0,0,0,0,1,-2,-2.00,0,27,13,210,16.15,2,1,0,2,1,,35,47.8,50.8,41.3,,39,,ReedJa03
110,Kendrick Bourne,NWE,WR,28,5,2,0,0,0,0,0,0,0,,0,33,18,218,12.11,2,0,0,2,,,34,51.8,54.8,42.8,,40,,BourKe00
111,Rhamondre Stevenson,NWE,RB,25,5,5,0,0,0,0,0,68,188,2.76,1,18,12,87,7.25,0,0,0,1,,,34,45.5,48.5,39.5,,26,,StevRh00
112,Zay Flowers,BAL,WR,23,5,5,0,0,0,0,0,5,11,2.20,0,40,29,317,10.93,0,0,0,0,,,33,61.8,64.8,47.3,,42,,FlowZa00
113,Drake London,ATL,WR,22,5,5,1,1,22,0,0,0,0,,0,31,17,204,12.00,2,0,0,2,,,33,50.3,53.3,41.8,,41,,LondDr00
114,Rachaad White,TAM,RB,24,4,4,0,0,0,0,0,63,206,3.27,1,13,13,86,6.62,0,1,1,1,,,33,46.2,50.2,39.7,,27,,WhitRa01
115,Amari Cooper,CLE,WR,29,4,4,0,0,0,0,0,0,0,,0,31,18,259,14.39,1,0,0,1,,,32,49.9,52.9,40.9,,44,,CoopAm00
116,Gus Edwards,BAL,RB,28,5,3,0,0,0,0,0,56,241,4.30,1,3,2,1,0.50,0,0,0,1,1,,32,34.2,37.2,33.2,,28,,EdwaGu00
117,Rashid Shaheed,NOR,WR,25,5,2,0,0,0,0,0,3,11,3.67,0,21,14,213,15.21,1,1,1,2,,,32,46.4,50.4,39.4,,43,,ShahRa00
118,Gardner Minshew II,IND,QB,27,5,1,57,83,553,2,0,4,4,1.00,0,0,0,0,,0,1,0,0,,,31,30.5,33.5,30.5,,33,,MinsGa00
119,Mike Williams,LAC,WR,29,3,3,0,0,0,0,0,1,3,3.00,0,26,19,249,13.11,1,0,0,1,,,31,50.2,53.2,40.7,,45,,WillMi07
120,Justice Hill,BAL,RB,26,4,1,0,0,0,0,0,29,115,3.97,3,7,7,25,3.57,0,1,1,3,,,30,37.0,41.0,33.5,,29,,HillJu00
121,Brandon Johnson,DEN,WR,25,5,1,0,0,0,0,0,0,0,,0,11,8,122,15.25,3,0,0,3,,,30,38.2,41.2,34.2,,47,,JohnBr23
122,Tyler Lockett,SEA,WR,31,4,4,0,0,0,0,0,0,0,,0,27,17,157,9.24,2,0,0,2,1,,30,46.7,49.7,38.2,,48,,LockTy00
123,Jaylen Waddle,MIA,WR,25,4,4,0,0,0,0,0,1,-2,-2.00,0,26,17,245,14.41,1,0,0,1,,,30,47.3,50.3,38.8,,46,,WaddJa00
124,DJ Chark,CAR,WR,27,4,2,0,0,0,0,0,0,0,,0,21,10,171,17.10,2,0,0,2,,,29,39.1,42.1,34.1,,49,,CharDJ00
125,K.J. Osborn,MIN,WR,26,5,4,0,0,0,0,0,0,0,,0,26,13,166,12.77,2,0,0,2,,,29,41.6,44.6,35.1,,51,,OsboKJ00
126,Rashee Rice,KAN,WR,23,5,0,0,0,0,0,0,1,-3,-3.00,0,24,17,173,10.18,2,0,0,2,,,29,46.0,49.0,37.5,,50,,RiceRa01
127,Miles Sanders,CAR,RB,26,5,5,0,0,0,0,0,61,190,3.11,1,24,15,81,5.40,0,2,2,1,,,29,44.1,49.1,36.6,,30,,SandMi01
128,Jaylen Warren,PIT,RB,25,5,0,0,0,0,0,0,34,124,3.65,0,25,21,166,7.90,0,1,0,0,,,29,50.0,56.0,39.5,,31,,WarrJa01
129,Saquon Barkley,NYG,RB,26,2,2,0,0,0,0,0,29,114,3.93,1,11,9,41,4.56,1,0,0,2,,,28,36.5,39.5,32.0,,35,,BarkSa00
130,AJ Dillon,GNB,RB,25,5,3,0,0,0,0,0,64,194,3.03,1,6,3,25,8.33,0,0,0,1,,,28,30.9,33.9,29.4,,33,,DillAJ00
131,Chris Godwin,TAM,WR,27,4,4,0,1,0,0,0,0,0,,0,30,21,255,12.14,0,0,0,0,1,,28,48.5,51.5,38.0,,53,,GodwCh00
132,Najee Harris,PIT,RB,25,5,5,0,0,0,0,0,63,247,3.92,0,9,5,37,7.40,0,0,0,0,,,28,33.4,36.4,30.9,,32,,HarrNa00
133,Kalif Raymond,DET,WR,29,5,3,0,0,0,0,0,2,51,25.50,0,14,11,164,14.91,1,0,0,1,,,28,38.5,41.5,33.0,,54,,RaymKa00
134,Tyjae Spears,TEN,RB,22,5,0,0,0,0,0,0,27,156,5.78,1,19,14,63,4.50,0,0,0,1,,,28,41.9,44.9,34.9,,34,,SpeaTy00
135,Michael Thomas,NOR,WR,30,5,3,0,0,0,0,0,0,0,,0,39,26,284,10.92,0,0,0,0,,,28,54.4,57.4,41.4,,52,,ThomMi05
136,Joshua Kelley,LAC,RB,26,4,3,0,0,0,0,0,57,207,3.63,1,3,1,5,5.00,0,0,0,1,,,27,28.2,31.2,27.7,,36,,KellJo01
137,Josh Downs,IND,WR,22,5,3,0,0,0,0,0,0,0,,0,33,23,255,11.09,0,0,0,0,,,26,48.5,51.5,37.0,,58,,DownJo00
138,Aaron Jones,GNB,RB,29,2,2,0,0,0,0,0,14,59,4.21,1,6,3,82,27.33,1,0,0,2,,,26,29.1,29.1,27.6,,37,,JoneAa00
139,Allen Lazard,NYJ,WR,28,5,5,0,0,0,0,0,0,0,,0,20,13,202,15.54,1,0,0,1,,,26,39.2,42.2,32.7,,56,,LazaAl00
140,Rondale Moore,ARI,WR,23,5,2,0,0,0,0,0,8,116,14.50,1,17,11,81,7.36,0,0,0,1,,,26,36.7,39.7,31.2,,57,,MoorRo02
141,Nick Westbrook-Ikhine,TEN,WR,26,5,3,0,0,0,0,0,0,0,,0,19,13,143,11.00,2,0,0,2,,,26,39.3,42.3,32.8,,55,,WestNi00
142,Jahmyr Gibbs,DET,RB,21,4,1,0,0,0,0,0,39,179,4.59,0,18,14,70,5.00,0,0,0,0,,,25,38.9,41.9,31.9,,39,,GibbJa01
143,Tee Higgins,CIN,WR,24,4,4,0,0,0,0,0,0,0,,0,32,12,129,10.75,2,0,0,2,,,25,36.9,39.9,30.9,,59,,HiggTe00
144,Latavius Murray,BUF,RB,33,5,0,0,0,0,0,0,19,83,4.37,2,8,7,49,7.00,0,0,0,2,,,25,32.2,32.2,28.7,,38,,MurrLa00
145,Andy Dalton,CAR,QB,36,3,1,34,58,361,2,0,3,12,4.00,0,0,0,0,,0,0,0,0,,,24,23.6,26.6,23.6,,34,,DaltAn00
146,Jake Ferguson,DAL,TE,24,5,4,0,0,0,0,0,0,0,,0,28,20,175,8.75,1,0,0,1,,,24,43.5,46.5,33.5,,13,,FergJa00
147,Roschon Johnson,CHI,RB,22,5,0,0,0,0,0,0,25,122,4.88,1,12,11,58,5.27,0,0,0,1,,,24,35.0,38.0,29.5,,41,,JohnRo07
148,Alvin Kamara,NOR,RB,28,2,2,0,0,0,0,0,33,131,3.97,1,17,16,50,3.13,0,0,0,1,,,24,40.1,43.1,32.1,,40,,KamaAl00
149,Samaje Perine,DEN,RB,28,5,1,0,0,0,0,0,24,88,3.67,0,18,15,168,11.20,0,1,1,0,,,24,38.6,42.6,31.1,,42,,PeriSa00
150,KaVontae Turpin,DAL,WR,27,5,0,0,0,0,0,0,6,66,11.00,1,6,5,51,10.20,1,1,0,2,,,24,28.7,28.7,26.2,,60,,TurpKa00
151,Nelson Agholor,BAL,WR,30,5,2,0,0,0,0,0,0,0,,0,17,14,170,12.14,1,1,0,1,,,23,37.0,40.0,30.0,,61,,AghoNe00
152,Braxton Berrios,MIA,WR,28,5,0,0,0,0,0,0,1,11,11.00,0,18,15,159,10.60,1,0,0,1,,,23,38.0,41.0,30.5,,62,,BerrBr00
153,Jonnu Smith,ATL,TE,28,5,1,0,0,0,0,0,0,0,,0,27,21,246,11.71,0,1,1,0,,,23,43.6,47.6,33.1,,14,,SmitJo01
154,Austin Ekeler,LAC,RB,28,1,1,0,0,0,0,0,16,117,7.31,1,5,4,47,11.75,0,0,0,1,,,22,26.4,29.4,24.4,,43,,EkelAu00
155,Tyler Higbee,LAR,TE,30,5,5,0,0,0,0,0,0,0,,0,29,18,216,12.00,0,0,0,0,,,22,39.6,42.6,30.6,,15,,HigbTy00
156,Robert Woods,HOU,WR,31,5,5,0,0,0,0,0,0,0,,0,40,21,221,10.52,0,0,0,0,,,22,43.1,46.1,32.6,,63,,WoodRo02
157,Calvin Austin,PIT,WR,24,5,1,0,0,0,0,0,2,3,1.50,0,22,12,143,11.92,1,0,0,1,,,21,32.6,35.6,26.6,,65,,AustCa00
158,Rico Dowdle,DAL,RB,25,5,0,0,0,0,0,0,25,95,3.80,0,6,5,50,10.00,1,0,0,1,,,21,25.5,25.5,23.0,,47,,DowdRi01
159,Zach Ertz,ARI,TE,33,5,5,0,0,0,0,0,0,0,,0,34,22,146,6.64,1,0,0,1,,,21,42.6,45.6,31.6,,17,,ErtzZa00
160,Chuba Hubbard,CAR,RB,24,5,0,0,0,0,0,0,35,154,4.40,0,14,12,57,4.75,0,0,0,0,,,21,33.1,36.1,27.1,,45,,HubbCh01
161,Jerry Jeudy,DEN,WR,24,4,3,0,0,0,0,0,0,0,,0,24,17,208,12.24,0,0,0,0,,,21,37.8,40.8,29.3,,64,,JeudJe00
162,Tony Jones,NOR,RB,26,4,1,0,0,0,0,0,21,70,3.33,2,6,4,21,5.25,0,0,0,2,,,21,25.1,25.1,23.1,,46,,JoneTo04
163,Jerick McKinnon,KAN,RB,31,5,0,0,0,0,0,0,7,21,3.00,0,12,9,71,7.89,2,0,0,2,,,21,30.2,30.2,25.7,,44,,McKiJe00
164,Skyy Moore,KAN,WR,23,5,4,0,0,0,0,0,3,23,7.67,0,17,9,123,13.67,1,0,0,1,,,21,29.6,32.6,25.1,,66,,MoorSk01
165,Donald Parham,LAC,TE,26,4,3,0,0,0,0,0,0,0,,0,8,6,33,5.50,3,0,0,3,,,21,27.3,27.3,24.3,,16,,ParhDo00
166,Tyler Conklin,NYJ,TE,28,5,5,0,0,0,0,0,0,0,,0,23,17,203,11.94,0,0,0,0,,,20,37.3,40.3,28.8,,19,,ConkTy00
167,Jahan Dotson,WAS,WR,23,5,5,0,0,0,0,0,0,0,,0,30,17,140,8.24,1,0,0,1,,,20,37.0,40.0,28.5,,67,,DotsJa00
168,Zay Jones,JAX,WR,28,3,2,0,0,0,0,0,0,0,,0,18,8,78,9.75,2,0,0,2,,,20,27.8,27.8,23.8,,70,,JoneZa00
169,Josh Palmer,LAC,WR,24,4,1,0,0,0,0,0,0,0,,0,21,11,160,14.55,1,1,1,1,,,20,31.0,35.0,25.5,,68,,PalmJo00
170,Kyle Pitts,ATL,TE,23,5,4,0,0,0,0,0,1,-4,-4.00,0,32,18,208,11.56,0,0,0,0,,,20,38.4,41.4,29.4,,18,,PittKy00
171,Justin Watson,KAN,WR,27,5,2,0,0,0,0,0,0,0,,0,16,10,219,21.90,0,1,1,0,,,20,29.9,33.9,24.9,,69,,WatsJu01
172,Matt Breida,NYG,RB,28,5,3,0,0,0,0,0,30,82,2.73,1,10,10,49,4.90,0,1,0,1,,,19,29.1,29.1,24.1,,48,,BreiMa00
173,Nick Chubb,CLE,RB,28,2,2,0,0,0,0,0,28,170,6.07,0,4,4,21,5.25,0,0,0,0,,,19,23.1,26.1,21.1,,49,,ChubNi00
174,Kenneth Gainwell,PHI,RB,24,4,1,0,0,0,0,0,39,128,3.28,0,10,8,39,4.88,0,1,0,0,1,,19,26.7,29.7,22.7,,51,,GainKe00
175,Noah Gray,KAN,TE,24,5,3,0,0,0,0,0,0,0,,0,15,10,133,13.30,1,0,0,1,,,19,29.3,32.3,24.3,,20,,GrayNo00
176,Javonte Williams,DEN,RB,23,4,4,0,0,0,0,0,38,138,3.63,0,15,11,51,4.64,0,0,0,0,,,19,29.9,32.9,24.4,,50,,WillJa10
177,Clyde Edwards-Helaire,KAN,RB,24,5,1,0,0,0,0,0,28,93,3.32,1,5,5,27,5.40,0,0,0,1,,,18,23.0,23.0,20.5,,53,,EdwaCl00
178,Ezekiel Elliott,NWE,RB,28,5,0,0,0,0,0,0,42,159,3.79,0,15,12,44,3.67,0,1,1,0,,,18,30.3,34.3,24.3,,52,,ElliEz00
179,Michael Gallup,DAL,WR,27,5,5,0,0,0,0,0,0,0,,0,22,15,180,12.00,0,0,0,0,,,18,33.0,36.0,25.5,,71,,GallMi00
180,Tyler Boyd,CIN,WR,29,5,5,0,0,0,0,0,0,0,,0,34,23,166,7.22,0,0,0,0,,,17,39.6,42.6,28.1,,74,,BoydTy00
181,Pat Freiermuth,PIT,TE,25,4,4,0,0,0,0,0,0,0,,0,13,8,53,6.63,2,0,0,2,,,17,25.3,25.3,21.3,,21,,FreiPa00
182,Damien Harris,BUF,RB,26,5,0,0,0,0,0,0,22,93,4.23,1,2,2,16,8.00,0,0,0,1,,,17,18.9,18.9,17.9,,54,,HarrDa06
183,Darius Slayton,NYG,WR,26,5,3,0,0,0,0,0,0,0,,0,24,13,167,12.85,0,0,0,0,,,17,29.7,32.7,23.2,,73,,SlayDa01
184,Christian Watson,GNB,WR,24,2,2,0,0,0,0,0,1,-5,-5.00,0,11,5,116,23.20,1,0,0,1,,,17,22.1,25.1,19.6,,72,,WatsCh00
185,Cam Akers,2TM,RB,24,3,1,0,0,0,0,0,32,84,2.63,1,4,4,14,3.50,0,0,0,1,,,16,19.8,19.8,17.8,,57,,AkerCa00
186,Noah Fant,SEA,TE,26,4,4,0,0,0,0,0,0,0,,0,11,10,160,16.00,0,0,0,0,,,16,26.0,29.0,21.0,,23,,FantNo00
187,Kylen Granson,IND,TE,25,5,1,0,0,0,0,0,0,0,,0,22,13,103,7.92,1,0,0,1,,,16,29.3,32.3,22.8,,22,,GranKy00
188,Hayden Hurst,CAR,TE,30,5,4,0,0,0,0,0,0,0,,0,19,13,100,7.69,1,0,0,1,,,16,29.0,32.0,22.5,,24,,HursHa00
189,Jordan Mason,SFO,RB,24,5,0,0,0,0,0,0,16,90,5.63,1,2,1,13,13.00,0,0,0,1,,,16,17.3,17.3,16.8,,55,,MasoJo00
190,Darnell Mooney,CHI,WR,26,5,5,0,0,0,0,0,0,0,,0,16,8,104,13.00,1,0,0,1,,,16,24.4,27.4,20.4,,75,,MoonDa00
191,Luke Musgrave,GNB,TE,23,5,4,0,0,0,0,0,0,0,,0,23,18,159,8.83,0,0,0,0,,,16,33.9,36.9,24.9,,25,,MusgLu00
192,Andrew Ogletree,IND,TE,25,4,3,0,0,0,0,0,0,0,,0,10,7,95,13.57,1,0,0,1,,,16,22.5,22.5,19.0,,26,,OgleAn00
193,Trey Palmer,TAM,WR,22,4,0,0,0,0,0,0,0,0,,0,9,6,42,7.00,2,0,0,2,,,16,22.2,22.2,19.2,,76,,PalmTr00
194,Devin Singletary,HOU,RB,26,5,0,1,1,6,1,0,27,95,3.52,0,5,4,25,6.25,0,0,0,0,,,16,20.2,20.2,18.2,,56,,SingDe00
195,Dontayvion Wicks,GNB,WR,22,5,2,0,0,0,0,0,0,0,,0,14,7,95,13.57,1,0,0,1,,,16,22.5,22.5,19.0,,77,,WickDo00
196,River Cracraft,MIA,WR,29,3,1,0,0,0,0,0,0,0,,0,8,6,87,14.50,1,0,0,1,,,15,20.7,20.7,17.7,,78,,CracRi00
197,Emari Demercado,ARI,RB,24,5,0,0,0,0,0,0,14,48,3.43,1,9,6,40,6.67,0,0,0,1,,,15,20.8,20.8,17.8,,58,,DemeEm00
198,Antonio Gibson,WAS,RB,25,5,0,0,0,0,0,0,13,54,4.15,0,16,12,132,11.00,0,3,2,0,,,15,26.6,31.6,20.6,,59,,GibsAn00
199,Isaiah Hodgins,NYG,WR,25,5,5,0,0,0,0,0,0,0,,0,14,10,107,10.70,1,1,1,1,,,15,24.7,28.7,19.7,,79,,HodgIs00
200,Cade Otton,TAM,TE,24,4,4,0,0,0,0,0,0,0,,0,15,12,89,7.42,1,0,0,1,,,15,26.9,26.9,20.9,,27,,OttoCa00
201,Tank Bigsby,JAX,RB,22,5,0,0,0,0,0,0,15,41,2.73,2,2,0,0,,0,1,1,2,,,14,14.1,15.1,14.1,,60,,BigsTa00
202,Taysom Hill,NOR,TE,33,5,2,2,2,21,0,0,23,120,5.22,0,6,4,16,4.00,0,0,0,0,,,14,18.4,21.4,16.4,,28,,HillTa00
203,Mack Hollins,ATL,WR,30,5,2,0,0,0,0,0,0,0,,0,19,9,143,15.89,0,0,0,0,,,14,23.3,26.3,18.8,,80,,HollMa00
204,Dawson Knox,BUF,TE,27,5,5,0,0,0,0,0,0,0,,0,19,11,75,6.82,1,0,0,1,,,14,24.5,24.5,19.0,,29,,KnoxDa00
205,Allen Robinson,PIT,WR,30,5,5,0,0,0,0,0,0,0,,0,26,17,137,8.06,0,0,0,0,,,14,30.7,33.7,22.2,,82,,RobiAl02
206,Pierre Strong,CLE,RB,25,4,0,0,0,0,0,0,13,77,5.92,1,1,0,0,,0,0,0,1,,,14,13.7,13.7,13.7,,61,,StroPi00
207,Deven Thompkins,TAM,WR,24,4,1,0,0,0,0,0,2,22,11.00,0,11,8,61,7.63,1,1,0,1,,,14,22.3,22.3,18.3,,81,,ThomDe07
208,Mo Alie-Cox,IND,TE,30,5,3,0,0,0,0,0,0,0,,0,5,3,67,22.33,1,0,0,1,,,13,15.7,15.7,14.2,,31,,AlieMo00
209,Robbie Chosen,MIA,WR,30,3,0,0,0,0,0,0,0,0,,0,2,1,68,68.00,1,0,0,1,,,13,13.8,13.8,13.3,,87,,AndeRo04
210,Pharaoh Brown,NWE,TE,29,5,3,0,0,0,0,0,0,0,,0,2,2,71,35.50,1,0,0,1,,,13,15.1,15.1,14.1,,30,,BrowPh01
211,Zach Charbonnet,SEA,RB,22,4,0,0,0,0,0,0,21,104,4.95,0,7,4,22,5.50,0,0,0,0,,,13,16.6,19.6,14.6,,64,,CharZa00
212,Demario Douglas,NWE,WR,23,5,0,0,0,0,0,0,1,5,5.00,0,17,10,143,14.30,0,1,1,0,,,13,22.8,26.8,17.8,,88,,DougDe00
213,Kendre Miller,NOR,RB,21,3,0,0,0,0,0,0,22,74,3.36,0,6,6,58,9.67,0,0,0,0,,,13,19.2,19.2,16.2,,62,,MillKe01
214,Chris Moore,TEN,WR,30,5,1,0,0,0,0,0,0,0,,0,8,4,134,33.50,0,1,0,0,,,13,17.4,20.4,15.4,,83,,MoorCh00
215,Elijah Moore,CLE,WR,23,4,2,0,0,0,0,0,7,3,0.43,0,29,17,148,8.71,0,1,1,0,,,13,30.1,34.1,21.6,,84,,MoorEl00
216,DeVante Parker,NWE,WR,30,4,4,0,0,0,0,0,0,0,,0,19,12,129,10.75,0,0,0,0,,,13,24.9,27.9,18.9,,85,,ParkDe01
217,Craig Reynolds,DET,RB,27,5,0,0,0,0,0,0,14,74,5.29,1,1,1,-2,-2.00,0,0,0,1,,,13,14.2,14.2,13.7,,63,,ReynCr00
218,Olamide Zaccheaus,PHI,WR,26,5,0,0,0,0,0,0,0,0,,0,5,3,69,23.00,1,0,0,1,,,13,15.9,15.9,14.4,,86,,ZaccOl01
219,Dalvin Cook,NYJ,RB,28,5,0,0,0,0,0,0,36,97,2.69,0,8,8,44,5.50,0,1,1,0,,,12,20.1,21.1,16.1,,65,,CookDa01
220,Mike Gesicki,NWE,TE,28,5,4,0,0,0,0,0,0,0,,0,17,12,116,9.67,0,0,0,0,,,12,23.6,26.6,17.6,,36,,GesiMi00
221,Dalton Kincaid,BUF,TE,24,5,3,0,0,0,0,0,0,0,,0,19,17,118,6.94,0,0,0,0,,,12,28.8,31.8,20.3,,34,,KincDa00
222,Cooper Kupp,LAR,WR,30,1,1,0,0,0,0,0,0,0,,0,12,8,118,14.75,0,0,0,0,,,12,19.8,22.8,15.8,,90,,KuppCo00
223,David Njoku,CLE,TE,27,4,4,0,0,0,0,0,0,0,,0,18,16,138,8.63,0,1,1,0,,,12,27.8,31.8,19.8,,35,,NjokDa00
224,Alec Pierce,IND,WR,23,5,5,0,0,0,0,0,0,0,,0,16,8,124,15.50,0,0,0,0,,,12,20.4,23.4,16.4,,89,,PierAl00
225,Durham Smythe,MIA,TE,28,5,4,0,0,0,0,0,0,0,,0,15,11,123,11.18,0,0,0,0,,,12,23.3,26.3,17.8,,32,,SmytDu00
226,Adam Trautman,DEN,TE,26,5,3,0,0,0,0,0,0,0,,0,14,9,60,6.67,1,0,0,1,,,12,21.0,21.0,16.5,,33,,TrauAd00
227,Marquez Valdes-Scantling,KAN,WR,29,5,5,0,0,0,0,0,0,0,,0,11,7,116,16.57,0,0,0,0,,,12,18.6,21.6,15.1,,91,,ValdMa00
228,Treylon Burks,TEN,WR,23,3,3,0,0,0,0,0,1,9,9.00,0,13,6,99,16.50,0,0,0,0,,,11,16.8,16.8,13.8,,96,,BurkTr00
229,Chase Claypool,CHI,WR,25,3,2,0,0,0,0,0,0,0,,0,14,4,51,12.75,1,0,0,1,,,11,15.1,15.1,13.1,,95,,ClayCh01
230,Gerald Everett,LAC,TE,29,4,3,0,0,0,0,0,1,2,2.00,0,14,13,107,8.23,0,1,0,0,,,11,23.9,26.9,17.4,,37,,EverGe00
231,Van Jefferson,LAR,WR,27,5,4,0,0,0,0,0,1,4,4.00,0,15,8,108,13.50,0,0,0,0,,,11,19.2,22.2,15.2,,93,,JeffVa00
232,Terrace Marshall Jr.,CAR,WR,23,4,2,0,0,0,0,0,0,0,,0,24,16,114,7.13,0,1,0,0,,,11,27.4,30.4,19.4,,92,,MarsTe00
233,Jonathan Mingo,CAR,WR,22,4,4,0,0,0,0,0,0,0,,0,26,13,112,8.62,0,0,0,0,,,11,24.2,27.2,17.7,,94,,MingJo00
234,J.K. Dobbins,BAL,RB,25,1,1,0,0,0,0,0,8,22,2.75,1,3,2,15,7.50,0,0,0,1,,,10,11.7,11.7,10.7,,67,,DobbJK00
235,Melvin Gordon,BAL,RB,30,2,0,0,0,0,0,0,13,53,4.08,0,3,3,46,15.33,0,0,0,0,,,10,12.9,12.9,11.4,,66,,GordMe00
236,Deonte Harty,BUF,WR,26,5,0,0,0,0,0,0,3,2,0.67,0,14,11,100,9.09,0,1,0,0,,,10,21.2,24.2,15.7,,97,,HarrDe07
237,Jalin Hyatt,NYG,WR,22,5,0,0,0,0,0,0,0,0,,0,5,4,99,24.75,0,0,0,0,,,10,13.9,13.9,11.9,,99,,HyatJa00
238,Jauan Jennings,SFO,WR,26,4,0,0,0,0,0,0,0,0,,0,8,5,101,20.20,0,0,0,0,,,10,15.1,18.1,12.6,,98,,JennJa00
239,Brevin Jordan,HOU,TE,23,5,0,0,0,0,0,0,0,0,,0,4,4,40,10.00,1,0,0,1,,,10,14.0,14.0,12.0,,40,,JordBr00
240,Kyle Juszczyk,SFO,RB,32,5,5,0,0,0,0,0,3,6,2.00,0,5,5,30,6.00,1,0,0,1,,,10,14.6,14.6,12.1,,68,,JuszKy00
241,Aidan O'Connell,LVR,QB,25,1,1,24,39,238,0,1,3,3,1.00,1,0,0,0,,0,3,2,1,,,10,9.8,12.8,10.8,,35,,OConAi00
242,Chigoziem Okonkwo,TEN,TE,24,5,4,0,0,0,0,0,0,0,,0,22,15,104,6.93,0,0,0,0,,,10,25.4,28.4,17.9,,38,,OkonCh00
243,Josh Oliver,MIN,TE,26,5,4,0,0,0,0,0,0,0,,0,10,8,64,8.00,1,1,1,1,,,10,18.4,19.4,14.4,,39,,OlivJo00
244,Ronnie Bell,SFO,WR,23,5,0,0,0,0,0,0,0,0,,0,4,3,31,10.33,1,0,0,1,,,9,12.1,12.1,10.6,,100,,BellRo01
245,Dyami Brown,WAS,WR,24,5,0,0,0,0,0,0,0,0,,0,10,6,87,14.50,0,0,0,0,,,9,14.7,14.7,11.7,,101,,BrowDy00
246,Parris Campbell,NYG,WR,26,5,3,0,0,0,0,0,0,0,,0,23,16,85,5.31,0,0,0,0,,,9,24.5,24.5,16.5,,107,,CampPa00
247,Derius Davis,LAC,WR,23,4,0,0,0,0,0,0,4,61,15.25,0,4,4,24,6.00,0,1,0,0,,,9,12.5,12.5,10.5,,108,,DaviDe02
248,Lil'Jordan Humphrey,DEN,WR,25,5,4,0,0,0,0,0,0,0,,0,5,4,26,6.50,1,0,0,1,,,9,12.6,12.6,10.6,,104,,HumpLi01
249,Hunter Luepke,DAL,RB,23,5,0,0,0,0,0,0,3,13,4.33,1,1,1,12,12.00,0,0,0,1,,,9,9.5,9.5,9.0,,69,,LuepHu00
250,Foster Moreau,NOR,TE,26,3,3,0,0,0,0,0,0,0,,0,3,3,26,8.67,1,0,0,1,,,9,11.6,11.6,10.1,,43,,MoreFo00
251,Colby Parkinson,SEA,TE,24,4,1,0,0,0,0,0,0,0,,0,10,6,87,14.50,0,0,0,0,,,9,14.7,14.7,11.7,,42,,ParkCo02
252,Wan'Dale Robinson,NYG,WR,22,3,1,0,0,0,0,0,2,8,4.00,0,17,14,79,5.64,0,0,0,0,,,9,22.7,22.7,15.7,,102,,RobiWa01
253,Khalil Shakir,BUF,WR,23,5,2,0,0,0,0,0,0,0,,0,4,3,27,9.00,1,0,0,1,,,9,11.7,11.7,10.2,,103,,ShakKh00
254,JuJu Smith-Schuster,NWE,WR,27,5,3,0,0,0,0,0,0,0,,0,25,14,86,6.14,0,0,0,0,,,9,22.6,22.6,15.6,,105,,SmitJu00
255,Kadarius Toney,KAN,WR,24,5,2,0,0,0,0,0,3,3,1.00,0,19,14,83,5.93,0,1,0,0,,,9,22.6,22.6,15.6,,106,,ToneKa00
256,Josh Whyle,TEN,TE,24,5,1,0,0,0,0,0,0,0,,0,3,3,33,11.00,1,0,0,1,,,9,12.3,12.3,10.8,,41,,WhylJo01
257,John Bates,WAS,TE,26,5,2,0,0,0,0,0,0,0,,0,10,8,83,10.38,0,0,0,0,,,8,16.3,16.3,12.3,,44,,BateJo00
258,Odell Beckham Jr.,BAL,WR,31,3,2,0,0,0,0,0,0,0,,0,11,7,79,11.29,0,0,0,0,,,8,14.9,14.9,11.4,,110,,BeckOd00
259,Michael Carter,NYJ,RB,24,5,0,0,0,0,0,0,5,31,6.20,0,11,9,44,4.89,0,0,0,0,,,8,16.5,16.5,12.0,,71,,CartMi03
260,Brandin Cooks,DAL,WR,30,4,4,0,0,0,0,0,1,6,6.00,0,19,9,73,8.11,0,1,0,0,,,8,16.9,16.9,12.4,,111,,CookBr00
261,Trenton Irwin,CIN,WR,28,4,1,0,0,0,0,0,0,0,,0,11,9,77,8.56,0,2,0,0,,,8,16.7,16.7,12.2,,113,,IrwiTr00
262,Trey McBride,ARI,TE,24,5,2,0,0,0,0,0,0,0,,0,10,8,79,9.88,0,0,0,0,,,8,15.9,15.9,11.9,,47,,McBrTr01
263,Donovan Peoples-Jones,CLE,WR,24,4,3,0,0,0,0,0,0,0,,0,14,6,75,12.50,0,1,0,0,,,8,13.5,13.5,10.5,,114,,PeopDo00
264,Laviska Shenault Jr.,CAR,WR,25,5,0,0,0,0,0,0,11,53,4.82,0,4,4,28,7.00,0,0,0,0,,,8,12.1,12.1,10.1,,109,,ShenLa00
265,Samori Toure,GNB,WR,25,5,0,0,0,0,0,0,0,0,,0,9,4,59,14.75,0,0,0,0,1,,8,11.9,11.9,9.9,,112,,TourSa00
266,Tommy Tremble,CAR,TE,23,5,1,0,0,0,0,0,0,0,,0,2,2,16,8.00,1,0,0,1,,,8,9.6,9.6,8.6,,48,,TremTo00
267,Cole Turner,WAS,TE,23,5,1,0,0,0,0,0,0,0,,0,12,8,82,10.25,0,0,0,0,,,8,16.2,16.2,12.2,,45,,TurnCo00
268,C.J. Uzomah,NYJ,TE,30,5,3,0,0,0,0,0,0,0,,0,4,4,22,5.50,1,0,0,1,,,8,12.2,12.2,10.2,,46,,UzomC.00
269,Jamaal Williams,NOR,RB,28,2,2,0,0,0,0,0,27,74,2.74,0,2,2,7,3.50,0,1,0,0,,,8,10.1,10.1,9.1,,70,,WillJa06
270,Rashod Bateman,BAL,WR,24,4,2,0,0,0,0,0,0,0,,0,12,8,67,8.38,0,0,0,0,,,7,14.7,14.7,10.7,,119,,BateRa00
271,Blake Bell,KAN,TE,32,5,0,0,0,0,0,0,0,0,,0,3,2,12,6.00,1,0,0,1,,,7,9.2,9.2,8.2,,50,,BellBl00
272,Jake Bobo,SEA,WR,25,4,0,0,0,0,0,0,0,0,,0,4,2,8,4.00,1,0,0,1,,,7,8.8,8.8,7.8,,117,,BoboJa00
273,Gary Brightwell,NYG,RB,24,5,0,0,0,0,0,0,9,19,2.11,0,7,5,47,9.40,0,0,0,0,,,7,11.6,11.6,9.1,,73,,BrigGa00
274,Chris Brooks,MIA,RB,23,5,0,0,0,0,0,0,9,66,7.33,0,0,0,0,,0,0,0,0,,,7,6.6,6.6,6.6,,74,,BrooCh00
275,Harrison Bryant,CLE,TE,25,4,2,0,0,0,0,0,3,6,2.00,0,5,3,7,2.33,1,0,0,1,,,7,10.3,10.3,8.8,,49,,BryaHa00
276,Ty Chandler,MIN,RB,25,5,0,0,0,0,0,0,8,42,5.25,0,5,4,31,7.75,0,0,0,0,,,7,11.3,11.3,9.3,,72,,ChanTy01
277,Jimmy Graham,NOR,TE,37,5,1,0,0,0,0,0,0,0,,0,2,1,8,8.00,1,0,0,1,,,7,7.8,7.8,7.3,,51,,GrahJi00
278,Charlie Jones,CIN,WR,25,3,0,0,0,0,0,0,0,0,,0,2,1,6,6.00,0,0,0,1,,,7,7.6,7.6,7.1,,120,,JoneCh11
279,John Metchie,HOU,WR,23,4,0,0,0,0,0,0,0,0,,0,7,6,72,12.00,0,0,0,0,,,7,13.2,13.2,10.2,,115,,MetcJo00
280,Jalen Tolbert,DAL,WR,24,5,2,0,0,0,0,0,0,0,,0,9,7,71,10.14,0,0,0,0,,,7,14.1,14.1,10.6,,116,,TolbJa00
281,Mike White,MIA,QB,28,1,0,2,2,67,1,0,1,-1,-1.00,0,0,0,0,,0,0,0,0,,,7,6.6,6.6,6.6,,36,,WhitMi01
282,Cedrick Wilson Jr.,MIA,WR,28,3,0,0,0,0,0,0,0,0,,0,6,5,68,13.60,0,0,0,0,,,7,11.8,11.8,9.3,,118,,WilsCe01
283,Nick Bawden,NYJ,RB,27,5,1,0,0,0,0,0,1,1,1.00,1,0,0,0,,0,0,0,1,,,6,6.1,6.1,6.1,,77,,BawdNi00
284,Andrew Beck,HOU,RB,27,5,5,0,0,0,0,0,2,2,1.00,0,1,0,0,,0,0,0,1,,,6,6.2,6.2,6.2,,75,,BeckAn01
285,Josiah Deguara,GNB,TE,26,5,3,0,0,0,0,0,0,0,,0,7,7,58,8.29,0,0,0,0,,,6,12.8,12.8,9.3,,56,,DeguJo00
286,Xavier Gipson,NYJ,WR,22,5,0,0,0,0,0,0,2,13,6.50,0,1,1,4,4.00,0,3,1,1,,,6,6.7,7.7,6.2,,123,,GipsXa00
287,Austin Hooper,LVR,TE,29,5,2,0,0,0,0,0,0,0,,0,7,6,62,10.33,0,0,0,0,,,6,12.2,12.2,9.2,,52,,HoopAu00
288,Alec Ingold,MIA,RB,27,5,5,0,0,0,0,0,2,0,0.00,0,3,3,57,19.00,0,0,0,0,,,6,8.7,8.7,7.2,,80,,IngoAl01
289,Juwan Johnson,NOR,TE,27,3,3,0,0,0,0,0,0,0,,0,12,7,61,8.71,0,0,0,0,,,6,13.1,13.1,9.6,,53,,JohnJu02
290,Michael Mayer,LVR,TE,22,5,3,0,0,0,0,0,0,0,,0,5,3,41,13.67,0,0,0,0,1,,6,9.1,9.1,7.6,,54,,MayeMi00
291,Hunter Renfrow,LVR,WR,28,5,1,0,0,0,0,0,0,0,,0,9,6,59,9.83,0,0,0,0,,,6,11.9,11.9,8.9,,122,,RenfHu00
292,Ronnie Rivers,LAR,RB,24,5,0,0,0,0,0,0,10,48,4.80,0,3,3,14,4.67,0,0,0,0,,,6,9.2,9.2,7.7,,76,,RiveRo01
293,Luke Schoonmaker,DAL,TE,25,5,0,0,0,0,0,0,0,0,,0,6,1,1,1.00,1,0,0,1,,,6,7.1,7.1,6.6,,55,,SchoLu00
294,Jaxon Smith-Njigba,SEA,WR,21,4,0,0,0,0,0,0,0,0,,0,20,12,62,5.17,0,0,0,0,,,6,18.2,18.2,12.2,,121,,SmitJa06
295,Patrick Taylor,GNB,RB,25,4,0,0,0,0,0,0,11,31,2.82,0,10,5,28,5.60,0,0,0,0,,,6,10.9,10.9,8.4,,78,,TaylPa01
296,Deuce Vaughn,DAL,RB,22,5,0,0,0,0,0,0,20,40,2.00,0,5,5,19,3.80,0,0,0,0,,,6,10.9,10.9,8.4,,79,,VaugDe00
297,Ameer Abdullah,LVR,RB,30,5,0,0,0,0,0,0,1,4,4.00,0,10,6,46,7.67,0,0,0,0,,,5,11.0,11.0,8.0,,83,,AbduAm00
298,Salvon Ahmed,MIA,RB,25,3,0,0,0,0,0,0,6,24,4.00,0,6,3,28,9.33,0,0,0,0,,,5,8.2,8.2,6.7,,82,,AhmeSa01
299,Will Dissly,SEA,TE,27,3,3,0,0,0,0,0,0,0,,0,5,5,52,10.40,0,0,0,0,,,5,10.2,10.2,7.7,,57,,DissWi00
300,KhaDarel Hodge,ATL,WR,28,5,0,0,0,0,0,0,1,0,0.00,0,4,4,45,11.25,0,1,0,0,,,5,8.5,8.5,6.5,,126,,HodgKh00
301,Tanner Hudson,CIN,TE,29,2,0,0,0,0,0,0,0,0,,0,6,4,48,12.00,0,0,0,0,,,5,8.8,8.8,6.8,,59,,HudsTa00
302,Kareem Hunt,CLE,RB,28,2,0,0,0,0,0,0,10,25,2.50,0,3,2,22,11.00,0,0,0,0,,,5,6.7,6.7,5.7,,85,,HuntKa00
303,Diontae Johnson,PIT,WR,27,2,1,0,0,0,0,0,0,0,,0,6,3,48,16.00,0,0,0,0,,,5,7.8,7.8,6.3,,125,,JohnDi01
304,Will Mallory,IND,TE,24,1,0,0,0,0,0,0,0,0,,0,2,2,49,24.50,0,0,0,0,,,5,6.9,6.9,5.9,,58,,MallWi00
305,Elijah Mitchell,SFO,RB,25,2,0,0,0,0,0,0,16,52,3.25,0,4,3,2,0.67,0,0,0,0,,,5,8.4,8.4,6.9,,81,,MitcEl00
306,Boston Scott,PHI,RB,28,4,0,0,0,0,0,0,6,43,7.17,0,1,1,7,7.00,0,0,0,0,,,5,6.0,6.0,5.5,,84,,ScotBo02
307,Tyrod Taylor,NYG,QB,34,4,0,11,15,92,0,0,4,16,4.00,0,0,0,0,,0,0,0,0,,,5,5.3,5.3,5.3,,37,,TaylTy00
308,Tre Tucker,LVR,WR,22,4,0,0,0,0,0,0,2,50,25.00,0,2,0,0,,0,0,0,0,,,5,5.0,5.0,5.0,,124,,TuckTr00
309,Connor Heyward,PIT,TE,24,5,0,0,0,0,0,0,1,0,0.00,0,10,5,42,8.40,0,0,0,0,,,4,9.2,9.2,6.7,,60,,HeywCo00
310,Quentin Johnston,LAC,WR,22,4,1,0,0,0,0,0,0,0,,0,11,6,44,7.33,0,0,0,0,,,4,10.4,10.4,7.4,,127,,JohnQu02
311,Drew Lock,SEA,QB,27,1,0,2,6,63,0,0,1,11,11.00,0,0,0,0,,0,0,0,0,,,4,3.6,3.6,3.6,,38,,LockDr00
312,Brandon Powell,MIN,WR,28,5,0,0,0,0,0,0,1,9,9.00,0,7,5,48,9.60,0,1,1,0,,,4,8.7,9.7,6.2,,130,,PoweBr00
313,Tyler Scott,CHI,WR,22,5,0,0,0,0,0,0,2,19,9.50,0,5,3,20,6.67,0,0,0,0,,,4,6.9,6.9,5.4,,128,,ScotTy00
314,Trent Sherfield,BUF,WR,27,5,0,0,0,0,0,0,0,0,,0,7,5,39,7.80,0,0,0,0,,,4,8.9,8.9,6.4,,129,,SherTr00
315,Isaiah Spiller,LAC,RB,22,3,0,0,0,0,0,0,8,22,2.75,0,2,2,15,7.50,0,0,0,0,,,4,5.7,5.7,4.7,,86,,SpilIs00
316,Ian Thomas,CAR,TE,27,5,2,0,0,0,0,0,0,0,,0,4,2,36,18.00,0,0,0,0,,,4,5.6,5.6,4.6,,61,,ThomIa00
317,Jamal Agnew,JAX,WR,28,4,0,0,0,0,0,0,3,-1,-0.33,0,6,5,54,10.80,0,1,1,0,,,3,8.3,9.3,5.8,,132,,AgneJa00
318,David Bell,CLE,WR,23,4,0,0,0,0,0,0,0,0,,0,4,3,27,9.00,0,0,0,0,,,3,5.7,5.7,4.2,,134,,BellDa02
319,Khari Blasingame,CHI,RB,27,5,0,0,0,0,0,0,8,26,3.25,0,1,0,0,,0,0,0,0,,,3,2.6,2.6,2.6,,91,,BlasKh00
320,Michael Burton,DEN,RB,31,5,0,0,0,0,0,0,1,3,3.00,0,1,1,3,3.00,0,0,0,0,1,,3,3.6,3.6,3.1,,92,,BurtMi00
321,DeeJay Dallas,SEA,RB,25,4,0,0,0,0,0,0,5,14,2.80,0,3,2,12,6.00,0,0,0,0,,,3,4.6,4.6,3.6,,93,,DallDe00
322,Luke Farrell,JAX,TE,26,5,2,0,0,0,0,0,0,0,,0,4,4,30,7.50,0,0,0,0,,,3,7.0,7.0,5.0,,66,,FarrLu00
323,Eric Gray,NYG,RB,24,5,0,0,0,0,0,0,12,25,2.08,0,1,1,1,1.00,0,2,0,0,,,3,3.6,3.6,3.1,,94,,GrayEr01
324,Brycen Hopkins,LAR,TE,26,5,0,0,0,0,0,0,0,0,,0,3,2,26,13.00,0,0,0,0,,,3,4.6,4.6,3.6,,70,,HopkBr01
325,Isaiah Likely,BAL,TE,23,5,3,0,0,0,0,0,0,0,,0,4,3,32,10.67,0,0,0,0,,,3,6.2,6.2,4.7,,64,,LikeIs00
326,Byron Pringle,WAS,WR,30,5,0,0,0,0,0,0,0,0,,0,5,3,29,9.67,0,0,0,0,,,3,5.9,5.9,4.4,,133,,PrinBy00
327,MyCole Pruitt,ATL,TE,31,5,4,0,0,0,0,0,0,0,,0,3,2,32,16.00,0,0,0,0,,,3,5.2,5.2,4.2,,65,,PruiMy00
328,Teagan Quitoriano,HOU,TE,23,5,4,0,0,0,0,0,0,0,,0,3,2,33,16.50,0,0,0,0,,,3,5.3,5.3,4.3,,62,,QuitTe00
329,Justyn Ross,KAN,WR,24,5,0,0,0,0,0,0,0,0,,0,6,3,34,11.33,0,0,0,0,,,3,6.4,6.4,4.9,,131,,RossJu00
330,Jeremy Ruckert,NYJ,TE,23,5,0,0,0,0,0,0,0,0,,0,3,3,28,9.33,0,0,0,0,,,3,5.8,5.8,4.3,,67,,RuckJe00
331,Trey Sermon,IND,RB,24,3,0,0,0,0,0,0,8,24,3.00,0,2,1,4,4.00,0,0,0,0,,,3,3.8,3.8,3.3,,89,,SermTr00
332,Irv Smith Jr.,CIN,TE,25,3,3,0,0,0,0,0,0,0,,0,9,5,27,5.40,0,0,0,0,,,3,7.7,7.7,5.2,,69,,SmitIr01
333,Keith Smith,ATL,RB,31,5,3,0,0,0,0,0,0,0,,0,1,1,28,28.00,0,0,0,0,,,3,3.8,3.8,3.3,,90,,SmitKe03
334,Jonathan Taylor,IND,RB,24,1,0,0,0,0,0,0,6,18,3.00,0,1,1,16,16.00,0,0,0,0,,,3,4.4,4.4,3.9,,87,,TaylJo02
335,Robert Tonyan,CHI,TE,29,5,2,0,0,0,0,0,0,0,,0,6,4,28,7.00,0,0,0,0,,,3,6.8,6.8,4.8,,68,,TonyRo00
336,Sean Tucker,TAM,RB,22,4,0,0,0,0,0,0,15,23,1.53,0,2,2,9,4.50,0,0,0,0,,,3,5.2,5.2,4.2,,88,,TuckSe00
337,Brock Wright,DET,TE,25,5,1,0,0,0,0,0,0,0,,0,5,5,33,6.60,0,0,0,0,,,3,8.3,8.3,5.8,,63,,WrigBr01
338,Bailey Zappe,NWE,QB,24,2,0,7,18,79,0,0,0,0,,0,0,0,0,,0,0,0,0,,,3,3.2,3.2,3.2,,39,,ZappBa00
339,Nate Adkins,DEN,TE,24,4,0,0,0,0,0,0,0,0,,0,4,3,19,6.33,0,0,0,0,,,2,4.9,4.9,3.4,,77,,AdkiNa00
340,Jordan Akins,CLE,TE,31,4,1,0,0,0,0,0,0,0,,0,4,3,20,6.67,0,0,0,0,,,2,5.0,5.0,3.5,,76,,AkinJo00
341,Daniel Bellinger,NYG,TE,23,5,3,0,0,0,0,0,0,0,,0,4,4,22,5.50,0,0,0,0,,,2,6.2,6.2,4.2,,72,,BellDa00
342,Mike Boone,HOU,RB,28,4,0,0,0,0,0,0,1,4,4.00,0,4,3,18,6.00,0,1,0,0,,,2,5.2,5.2,3.7,,100,,BoonMi00
343,Noah Brown,HOU,WR,27,1,0,0,0,0,0,0,1,-1,-1.00,0,4,3,20,6.67,0,0,0,0,,,2,4.9,4.9,3.4,,147,,BrowNo00
344,Lawrence Cager,NYG,TE,26,4,0,0,0,0,0,0,0,0,,0,2,2,17,8.50,0,0,0,0,,,2,3.7,3.7,2.7,,78,,CageLa01
345,DeAndre Carter,LVR,WR,30,5,1,0,0,0,0,0,2,3,1.50,0,4,2,21,10.50,0,1,0,0,,,2,4.4,4.4,3.4,,135,,CartDe02
346,Randall Cobb,NYJ,WR,33,5,1,0,0,0,0,0,0,0,,0,9,3,20,6.67,0,0,0,0,,,2,5.0,5.0,3.5,,145,,CobbRa00
347,Jamison Crowder,WAS,WR,30,5,0,0,0,0,0,0,0,0,,0,2,2,21,10.50,0,0,0,0,,,2,4.1,4.1,3.1,,141,,CrowJa00
348,Tyrion Davis-Price,SFO,RB,23,1,0,0,0,0,0,0,6,21,3.50,0,0,0,0,,0,0,0,0,,,2,2.1,2.1,2.1,,102,,DaviTy03
349,Elijah Dotson,LAC,RB,24,4,0,0,0,0,0,0,4,6,1.50,0,2,2,13,6.50,0,0,0,0,,,2,3.9,3.9,2.9,,105,,DotsEl00
350,Greg Dulcich,DEN,TE,23,1,1,0,0,0,0,0,0,0,,0,2,2,22,11.00,0,0,0,0,,,2,4.2,4.2,3.2,,73,,DulcGr00
351,Devin Duvernay,BAL,WR,26,5,1,0,0,0,0,0,3,15,5.00,0,7,2,8,4.00,0,0,0,0,,,2,4.3,4.3,3.3,,137,,DuveDe00
352,Chase Edmonds,TAM,RB,27,2,0,0,0,0,0,0,4,20,5.00,0,0,0,0,,0,0,0,0,,,2,2.0,2.0,2.0,,104,,EdmoCh00
353,Erik Ezukanma,MIA,WR,23,2,0,0,0,0,0,0,5,22,4.40,0,1,0,0,,0,0,0,0,,,2,2.2,2.2,2.2,,140,,EzukEr00
354,D'Onta Foreman,CHI,RB,27,1,0,0,0,0,0,0,5,16,3.20,0,3,2,8,4.00,0,0,0,0,,,2,4.4,4.4,3.4,,95,,ForeDO00
355,Jake Funk,IND,RB,25,4,0,0,0,0,0,0,2,10,5.00,0,1,1,12,12.00,0,0,0,0,,,2,3.2,3.2,2.7,,101,,FunkJa00
356,Keaontay Ingram,ARI,RB,24,3,0,0,0,0,0,0,12,15,1.25,0,1,1,8,8.00,0,0,0,0,,,2,3.3,3.3,2.8,,98,,IngrKe01
357,D'Ernest Johnson,JAX,RB,27,5,0,0,0,0,0,0,6,8,1.33,0,3,3,15,5.00,0,0,0,0,,,2,5.3,5.3,3.8,,99,,JohnDE04
358,Zonovan Knight,DET,RB,22,2,0,0,0,0,0,0,3,13,4.33,0,1,1,8,8.00,0,0,0,0,,,2,3.1,3.1,2.6,,103,,KnigZo00
359,Ray-Ray McCloud,SFO,WR,27,5,1,0,0,0,0,0,0,0,,0,3,3,23,7.67,0,0,0,0,,,2,5.3,5.3,3.8,,138,,McClRa00
360,Isaiah McKenzie,IND,WR,28,5,0,0,0,0,0,0,1,4,4.00,0,5,3,16,5.33,0,0,0,0,,,2,5.0,5.0,3.5,,146,,McKeIs00
361,Ty Montgomery,NWE,WR,30,5,0,0,0,0,0,0,2,7,3.50,0,8,3,14,4.67,0,0,0,0,,,2,5.1,5.1,3.6,,142,,MontTy01
362,Zach Pascal,ARI,WR,29,5,0,0,0,0,0,0,0,0,,0,7,4,19,4.75,0,0,0,0,,,2,5.9,5.9,3.9,,148,,PascZa00
363,Sterling Shepard,NYG,WR,30,5,0,0,0,0,0,0,0,0,,0,5,3,23,7.67,0,0,0,0,,,2,5.3,5.3,3.8,,139,,ShepSt00
364,Ben Skowronek,LAR,WR,26,5,0,0,0,0,0,0,1,11,11.00,0,5,2,13,6.50,0,0,0,0,,,2,4.4,4.4,3.4,,136,,SkowBe00
365,Stone Smartt,LAC,TE,25,4,1,0,0,0,0,0,0,0,,0,2,1,24,24.00,0,0,0,0,,,2,3.4,3.4,2.9,,71,,SmarSt00
366,Equanimeous St. Brown,CHI,WR,27,2,0,0,0,0,0,0,0,0,,0,2,1,21,21.00,0,0,0,0,,,2,3.1,3.1,2.6,,143,,St.BEq00
367,Geoff Swaim,ARI,TE,30,5,1,0,0,0,0,0,0,0,,0,3,2,22,11.00,0,0,0,0,,,2,4.2,4.2,3.2,,74,,SwaiGe00
368,Ke'Shawn Vaughn,TAM,RB,26,2,0,0,0,0,0,0,9,16,1.78,0,1,1,3,3.00,0,0,0,0,,,2,2.9,2.9,2.4,,106,,VaugKe00
369,Quez Watkins,PHI,WR,25,3,2,0,0,0,0,0,0,0,,0,5,4,21,5.25,0,0,0,0,,,2,6.1,6.1,4.1,,144,,WatkQu00
370,Trevon Wesco,TEN,TE,28,5,3,0,0,0,0,0,0,0,,0,2,1,21,21.00,0,0,0,0,,,2,3.1,3.1,2.6,,75,,WescTr00
371,Zamir White,LVR,RB,24,5,0,0,0,0,0,0,8,39,4.88,0,1,1,5,5.00,0,1,1,0,,,2,3.4,4.4,2.9,,96,,WhitZa01
372,Mitchell Wilcox,CIN,TE,27,5,0,0,0,0,0,0,0,0,,0,4,3,17,5.67,0,0,0,0,,,2,4.7,4.7,3.2,,79,,WilcMi01
373,Trayveon Williams,CIN,RB,26,5,0,0,0,0,0,0,5,20,4.00,0,4,2,4,2.00,0,0,0,0,,,2,4.4,4.4,3.4,,97,,WillTr06
374,Emanuel Wilson,GNB,RB,24,3,0,0,0,0,0,0,5,11,2.20,0,1,1,6,6.00,0,1,0,0,,,2,2.7,2.7,2.2,,107,,WilsEm00
375,Jameis Winston,NOR,QB,29,3,0,10,17,101,0,1,3,-4,-1.33,0,0,0,0,,0,0,0,0,,,2,1.6,2.6,2.6,,40,,WinsJa00
376,Miles Boykin,PIT,WR,27,5,0,0,0,0,0,0,0,0,,0,2,1,5,5.00,0,0,0,0,,,1,1.5,1.5,1.0,,159,,BoykMi00
377,Kenyan Drake,BAL,RB,29,2,0,0,0,0,0,0,1,0,0.00,0,3,2,31,15.50,0,1,1,0,,,1,3.1,4.1,2.1,,112,,DrakKe00
378,Chris Evans,CIN,RB,26,3,0,0,0,0,0,0,2,12,6.00,0,1,1,-1,-1.00,0,0,0,0,,,1,2.1,2.1,1.6,,113,,EvanCh02
379,C.J. Ham,MIN,RB,30,5,2,0,0,0,0,0,0,0,,0,4,3,14,4.67,0,0,0,0,,,1,4.4,4.4,2.9,,108,,HamxC.00
380,Mecole Hardman,NYJ,WR,25,4,0,0,0,0,0,0,0,0,,0,1,1,6,6.00,0,0,0,0,,,1,1.6,1.6,1.1,,158,,HardMe00
381,Evan Hull,IND,RB,23,1,0,0,0,0,0,0,1,1,1.00,0,1,1,6,6.00,0,0,0,0,,,1,1.7,1.7,1.2,,115,,HullEv00
382,Tyler Huntley,BAL,QB,25,1,0,0,0,0,0,0,2,8,4.00,0,0,0,0,,0,0,0,0,,,1,0.8,0.8,0.8,,42,,HuntTy01
383,Xavier Hutchinson,HOU,WR,23,5,0,0,0,0,0,0,0,0,,0,2,1,9,9.00,0,0,0,0,,,1,1.9,1.9,1.4,,154,,HutcXa00
384,Andrei Iosivas,CIN,WR,24,5,0,0,0,0,0,0,0,0,,0,2,1,9,9.00,0,0,0,0,,,1,1.9,1.9,1.4,,155,,IosiAn00
385,Rakim Jarrett,TAM,WR,22,4,0,0,0,0,0,0,1,0,0.00,0,2,2,10,5.00,0,0,0,0,,,1,3.0,3.0,2.0,,149,,JarrRa00
386,Jakob Johnson,LVR,RB,29,5,2,0,0,0,0,0,0,0,,0,2,1,12,12.00,0,0,0,0,,,1,2.2,2.2,1.7,,111,,JohnJa12
387,Marvin Jones,DET,WR,33,5,4,0,0,0,0,0,0,0,,0,9,4,30,7.50,0,1,1,0,,,1,5.0,6.0,3.0,,150,,JoneMa02
388,Tim Jones,JAX,WR,25,5,1,0,0,0,0,0,0,0,,0,5,3,10,3.33,0,0,0,0,,,1,4.0,4.0,2.5,,151,,JoneTi00
389,Velus Jones Jr.,CHI,WR,26,4,0,0,0,0,0,0,2,7,3.50,0,0,0,0,,0,0,0,0,,,1,0.7,0.7,0.7,,157,,JoneVe00
390,Tucker Kraft,GNB,TE,23,5,0,0,0,0,0,0,0,0,,0,2,2,5,2.50,0,0,0,0,,,1,2.5,2.5,1.5,,88,,KrafTu00
391,Marcedes Lewis,CHI,TE,39,5,1,0,0,0,0,0,0,0,,0,1,1,8,8.00,0,0,0,0,,,1,1.8,1.8,1.3,,85,,LewiMa00
392,Chris Manhertz,DEN,TE,31,5,1,0,0,0,0,0,0,0,,0,2,1,10,10.00,0,0,0,0,,,1,2.0,2.0,1.5,,82,,ManhCh00
393,Anthony McFarland Jr.,PIT,RB,24,2,0,0,0,0,0,0,0,0,,0,2,2,11,5.50,0,0,0,0,,,1,3.1,3.1,2.1,,114,,McFaAn00
394,Scott Miller,ATL,WR,26,5,0,0,0,0,0,0,0,0,,0,2,2,10,5.00,0,0,0,0,,,1,3.0,3.0,2.0,,152,,MillSc01
395,Johnny Mundt,MIN,TE,29,5,0,0,0,0,0,0,0,0,,0,1,1,11,11.00,0,0,0,0,,,1,2.1,2.1,1.6,,81,,MundJo00
396,Cordarrelle Patterson,ATL,RB,32,2,0,0,0,0,0,0,0,0,,0,1,1,7,7.00,0,0,0,0,,,1,1.7,1.7,1.2,,116,,PattCo00
397,Rashaad Penny,PHI,RB,27,1,0,0,0,0,0,0,3,9,3.00,0,1,1,5,5.00,0,0,0,0,,,1,2.4,2.4,1.9,,109,,PennRa00
398,Patrick Ricard,BAL,RB,29,5,2,0,0,0,0,0,0,0,,0,1,1,14,14.00,0,0,0,0,,,1,2.4,2.4,1.9,,110,,RicaPa00
399,Chris Rodriguez,WAS,RB,23,3,0,0,0,0,0,0,3,7,2.33,0,0,0,0,,0,0,0,0,,,1,0.7,0.7,0.7,,117,,RodrCh00
400,Cooper Rush,DAL,QB,30,3,0,4,5,28,0,0,4,-4,-1.00,0,0,0,0,,0,0,0,0,,,1,0.7,0.7,0.7,,43,,RushCo00
401,Drew Sample,CIN,TE,27,5,2,0,0,0,0,0,0,0,,0,2,2,6,3.00,0,0,0,0,,,1,2.6,2.6,1.6,,87,,SampDr00
402,Ben Sims,GNB,TE,23,5,0,0,0,0,0,0,0,0,,0,1,1,12,12.00,0,0,0,0,,,1,2.2,2.2,1.7,,80,,SimsBe00
403,Willie Snead,SFO,WR,31,1,0,0,0,0,0,0,0,0,,0,1,1,9,9.00,0,0,0,0,,,1,1.9,1.9,1.4,,156,,SneaWi00
404,Jack Stoll,PHI,TE,25,5,3,0,0,0,0,0,0,0,,0,3,2,10,5.00,0,0,0,0,,,1,3.0,3.0,2.0,,83,,StolJa00
405,Brenton Strange,JAX,TE,23,5,0,0,0,0,0,0,0,0,,0,3,2,7,3.50,0,0,0,0,,,1,2.7,2.7,1.7,,86,,StraBr00
406,Cody Thompson,SEA,WR,27,4,0,0,0,0,0,0,0,0,,0,1,1,10,10.00,0,0,0,0,,,1,2.0,2.0,1.5,,153,,ThomCo04
407,Dorian Thompson-Robinson,CLE,QB,24,2,1,19,36,121,0,3,4,24,6.00,0,0,0,0,,0,1,0,0,,,1,1.2,4.2,4.2,,41,,ThomDo02
408,Cedric Tillman,CLE,WR,23,4,0,0,0,0,0,0,0,0,,0,3,1,5,5.00,0,0,0,0,,,1,1.5,1.5,1.0,,160,,TillCe01
409,Mitchell Trubisky,PIT,QB,29,1,0,3,5,18,0,0,0,0,,0,0,0,0,,0,0,0,0,,,1,0.7,0.7,0.7,,44,,TrubMi00
410,Darnell Washington,PIT,TE,22,5,4,0,0,0,0,0,0,0,,0,3,1,10,10.00,0,0,0,0,,,1,2.0,2.0,1.5,,84,,WashDa03
411,C.J. Beathard,JAX,QB,30,1,0,2,2,9,0,0,0,0,,0,0,0,0,,0,0,0,0,,,,0.4,0.4,0.4,,45,,BeatC.00
412,Raheem Blackshear,CAR,,24,1,0,0,0,0,0,0,0,0,,0,0,0,0,,0,0,0,0,,,,,,,,122,,BlacRa00
413,Brandon Bolden,LVR,,33,5,0,0,0,0,0,0,0,0,,0,0,0,0,,0,0,0,0,,,,,,,,123,,BoldBr00
414,Lynn Bowden Jr.,NOR,,26,3,0,0,0,0,0,0,0,0,,0,1,0,0,,0,0,0,0,,,,,,,,166,,BowdLy00
415,Teddy Bridgewater,DET,QB,31,1,0,0,0,0,0,0,2,-2,-1.00,0,0,0,0,,0,0,0,0,,,,-0.2,-0.2,-0.2,,51,,BridTe00
416,Chase Brown,CIN,RB,23,4,0,0,0,0,0,0,1,2,2.00,0,2,2,-1,-0.50,0,0,0,0,,,,2.1,2.1,1.1,,121,,BrowCh10
417,Jake Browning,CIN,QB,27,1,0,0,1,0,0,0,1,-1,-1.00,0,0,0,0,,0,0,0,0,,,,-0.1,-0.1,-0.1,,50,,BrowJa08
418,Jason Cabinda,DET,RB,27,3,0,0,0,0,0,0,1,0,0.00,0,0,0,0,,0,0,0,0,,,,,,,,124,,CabiJa00
419,Grant Calcaterra,PHI,,25,5,0,0,0,0,0,0,0,0,,0,0,0,0,,0,0,0,0,,,,,,,,90,,CalcGr00
420,Julius Chestnut,TEN,,23,3,0,0,0,0,0,0,0,0,,0,0,0,0,,0,0,0,0,,,,,,,,125,,ChesJu00
421,Corey Clement,ARI,,29,2,0,0,0,0,0,0,0,0,,0,0,0,0,,0,0,0,0,,,,,,,,126,,ClemCo00
422,Sean Clifford,GNB,QB,25,1,0,0,0,0,0,0,1,0,0.00,0,0,0,0,,0,1,0,0,,,,,,,,46,,ClifSe00
423,Chris Conley,SFO,,31,1,0,0,0,0,0,0,0,0,,0,0,0,0,,0,0,0,0,,,,,,,,167,,ConlCh00
424,Britain Covey,PHI,,26,5,0,0,0,0,0,0,0,0,,0,0,0,0,,0,1,0,0,,,,,,,,168,,CoveBr00
425,Darrell Daniels,DET,,29,2,0,0,0,0,0,0,0,0,,0,0,0,0,,0,0,0,0,,,,,,,,91,,DaniDa02
426,Sam Darnold,SFO,QB,26,4,0,1,1,1,0,0,5,-5,-1.00,0,0,0,0,,0,0,0,0,,,,-0.5,-0.5,-0.5,,52,,DarnSa00
427,Phillip Dorsett,DEN,,30,1,0,0,0,0,0,0,0,0,,0,1,0,0,,0,0,0,0,,,,,,,,169,,DorsPh00
428,Greg Dortch,ARI,,25,5,0,0,0,0,0,0,0,0,,0,0,0,0,,0,0,0,0,,,,,,,,170,,DortGr01
429,Keelan Doss,LAC,,27,1,0,0,0,0,0,0,0,0,,0,0,0,0,,0,0,0,0,,,,,,,,171,,DossKe00
430,Ross Dwelley,SFO,,28,5,0,0,0,0,0,0,0,0,,0,0,0,0,,0,0,0,0,,,,,,,,92,,DwelRo00
431,Simi Fehoko,LAC,,26,1,0,0,0,0,0,0,0,0,,0,0,0,0,,0,0,0,0,,,,,,,,172,,FehoSi00
432,Royce Freeman,LAR,,27,3,0,0,0,0,0,0,0,0,,0,0,0,0,,0,0,0,0,,,,,,,,127,,FreeRo00
433,Myles Gaskin,MIN,,26,1,0,0,0,0,0,0,0,0,,0,0,0,0,,0,0,0,0,,,,,,,,128,,GaskMy00
434,Reggie Gilliam,BUF,RB,26,5,0,0,0,0,0,0,0,0,,0,1,1,3,3.00,0,0,0,0,,,,1.3,1.3,0.8,,119,,GillRe00
435,Marquise Goodwin,CLE,WR,33,4,0,0,0,0,0,0,1,1,1.00,0,5,1,0,0.00,0,0,0,0,,,,1.1,1.1,0.6,,164,,GoodMa00
436,Antoine Green,DET,WR,24,4,0,0,0,0,0,0,0,0,,0,1,1,2,2.00,0,0,0,0,,,,1.2,1.2,0.7,,161,,GreeAn00
437,Justin Hardee,NYJ,,29,5,0,0,0,0,0,0,0,0,,0,0,0,0,,0,0,0,0,,,,,,,,173,,HardJu01
438,Jacob Harris,JAX,,26,2,0,0,0,0,0,0,0,0,,0,0,0,0,,0,0,0,0,,,,,,,,93,,HarrJa03
439,N'Keal Harry,MIN,,26,2,0,0,0,0,0,0,0,0,,0,0,0,0,,0,0,0,0,,,,,,,,174,,HarrNK00
440,Jamycal Hasty,JAX,,27,2,0,0,0,0,0,0,0,0,,0,2,0,0,,0,0,0,0,,,,,,,,129,,HastJa02
441,Peyton Hendershot,DAL,TE,24,3,0,0,0,0,0,0,1,0,0.00,0,2,1,3,3.00,0,0,0,0,,,,1.3,1.3,0.8,,89,,HendPe01
442,Parker Hesse,ATL,,28,1,0,0,0,0,0,0,0,0,,0,0,0,0,,0,0,0,0,,,,,,,,94,,HessPa00
443,Travis Homer,CHI,,25,5,0,0,0,0,0,0,0,0,,0,0,0,0,,0,0,0,0,,,,,,,,130,,HomeTr00
444,Jesper Horsted,LVR,,26,5,0,0,0,0,0,0,0,0,,0,0,0,0,,0,0,0,0,,,,,,,,175,,HorsJe00
445,Brian Hoyer,LVR,,38,1,0,0,0,0,0,0,0,0,,0,0,0,0,,0,0,0,0,,,,,,,,47,,HoyeBr00
446,Godwin Igwebuike,ATL,,29,2,0,0,0,0,0,0,0,0,,0,0,0,0,,0,0,0,0,,,,,,,,131,,IgweGo00
447,Taiwan Jones,NYG,,35,2,0,0,0,0,0,0,0,0,,0,0,0,0,,0,0,0,0,,,,,,,,132,,JoneTa00
448,Ko Kieft,TAM,,25,4,3,0,0,0,0,0,0,0,,0,3,0,0,,0,0,0,0,,,,,,,,95,,KiefKo00
449,Keith Kirkwood,NOR,WR,29,5,2,0,0,0,0,0,0,0,,0,4,1,1,1.00,0,0,0,0,,,,1.1,1.1,0.6,,165,,KirkKe00
450,Charlie Kolar,BAL,,24,3,0,0,0,0,0,0,0,0,,0,1,0,0,,0,0,0,0,,,,,,,,96,,KolaCh00
451,Tyler Kroft,MIA,,31,3,0,0,0,0,0,0,0,0,,0,0,0,0,,0,0,0,0,,,,,,,,97,,KrofTy00
452,Kwamie Lassiter II,CIN,WR,25,1,0,0,0,0,0,0,0,0,,0,1,1,2,2.00,0,0,0,0,,,,1.2,1.2,0.7,,162,,LassKw00
453,Sean McKeon,DAL,,26,2,0,0,0,0,0,0,0,0,,0,0,0,0,,0,0,0,0,,,,,,,,98,,McKeSe01
454,Kirk Merritt,NOR,,26,1,0,0,0,0,0,0,0,0,,0,0,0,0,,0,0,0,0,,,,,,,,176,,MerrKi00
455,James Mitchell,DET,,24,4,0,0,0,0,0,0,0,0,,0,0,0,0,,0,0,0,0,,,,,,,,99,,MitcJa00
456,Quintin Morris,BUF,,24,5,0,0,0,0,0,0,0,0,,0,0,0,0,,0,0,0,0,,,,,,,,100,,MorrQu00
457,Jalen Nailor,MIN,,24,2,0,0,0,0,0,0,0,0,,0,0,0,0,,0,0,0,0,,,,,,,,177,,NailJa00
458,Dare Ogunbowale,HOU,RB,29,1,0,0,0,0,0,0,2,4,2.00,0,0,0,0,,0,0,0,0,,,,0.4,0.4,0.4,,118,,OgunDa00
459,Qadree Ollison,PIT,,27,1,0,0,0,0,0,0,0,0,,0,0,0,0,,0,0,0,0,,,,,,,,133,,OlliQa00
460,Matthew Orzech,GNB,,28,5,0,0,0,0,0,0,0,0,,0,0,0,0,,0,0,0,0,,,,,,,,101,,OrzeMa00
461,Kyle Philips,TEN,,24,1,0,0,0,0,0,0,0,0,,0,1,0,0,,0,0,0,0,,,,,,,,178,,PhilKy01
462,Kevin Rader,TEN,,28,2,0,0,0,0,0,0,0,0,,0,0,0,0,,0,0,0,0,,,,,,,,102,,RadeKe00
463,Giovanni Ricci,CAR,RB,27,5,0,0,0,0,0,0,0,0,,0,1,1,2,2.00,0,0,0,0,,,,1.2,1.2,0.7,,120,,RiccGi00
464,Demarcus Robinson,LAR,,29,4,0,0,0,0,0,0,0,0,,0,0,0,0,,0,0,0,0,,,,,,,,179,,RobiDe01
465,Aaron Rodgers,NYJ,QB,40,1,1,0,1,0,0,0,0,0,,0,0,0,0,,0,0,0,0,,,,,,,,48,,RodgAa00
466,Amari Rodgers,IND,,24,2,0,0,0,0,0,0,0,0,,0,0,0,0,,0,0,0,0,,,,,,,,180,,RodgAm00
467,Matthew Slater,NWE,,38,5,0,0,0,0,0,0,0,0,,0,0,0,0,,0,0,0,0,,,,,,,,181,,SlatMa00
468,Ihmir Smith-Marsette,CAR,,24,5,0,0,0,0,0,0,0,0,,0,0,0,0,,0,0,0,0,,,,,,,,182,,SmitIh00
469,Trent Taylor,CHI,,29,5,0,0,0,0,0,0,0,0,,0,0,0,0,,0,0,0,0,,,,,,,,183,,TaylTr02
470,Laquon Treadwell,BAL,,28,2,0,0,0,0,0,0,0,0,,0,0,0,0,,0,0,0,0,,,,,,,,184,,TreaLa00
471,Tylan Wallace,BAL,,24,3,0,0,0,0,0,0,0,0,,0,0,0,0,,0,0,0,0,,,,,,,,185,,WallTy00
472,Dwayne Washington,DEN,,29,4,0,0,0,0,0,0,0,0,,0,0,0,0,,0,0,0,0,,,,,,,,134,,WashDw00
473,Montrell Washington,KAN,,24,3,0,0,0,0,0,0,0,0,,0,0,0,0,,0,0,0,0,,,,,,,,186,,WashMo00
474,Kristian Wilkerson,LVR,,26,2,1,0,0,0,0,0,0,0,,0,0,0,0,,0,0,0,0,,,,,,,,187,,WilkKr00
475,Jameson Williams,DET,WR,22,1,0,0,0,0,0,0,0,0,,0,3,2,2,1.00,0,0,0,0,,,,2.2,2.2,1.2,,163,,WillJa11
476,Malik Willis,TEN,,24,1,0,0,0,0,0,0,0,0,,0,0,0,0,,0,0,0,0,,,,,,,,49,,WillMa12
477,Juwann Winfree,IND,,27,3,0,0,0,0,0,0,0,0,,0,0,0,0,,0,0,0,0,,,,,,,,188,,WinfJu00
478,Charlie Woerner,SFO,,26,5,0,0,0,0,0,0,0,0,,0,0,0,0,,0,0,0,0,,,,,,,,103,,WoerCh00
479,Kyle Allen,BUF,QB,27,3,0,0,0,0,0,0,7,-7,-1.00,0,0,0,0,,0,0,0,0,,,-1,-0.7,-0.7,-0.7,,53,,AlleKy00
480,Deon Jackson,IND,RB,24,2,1,0,0,0,0,0,13,14,1.08,0,6,5,14,2.80,0,2,2,0,,,-1,3.8,5.8,1.3,,136,,JackDe02
481,Richie James,KAN,WR,28,2,0,0,0,0,0,0,0,0,,0,3,1,6,6.00,0,1,1,0,,,-1,-0.4,0.6,-0.9,,189,,JameRi00
482,Adam Prentice,NOR,RB,26,5,1,0,0,0,0,0,1,5,5.00,0,2,1,5,5.00,0,1,1,0,,,-1,,1.0,-0.5,,135,,PrenAd00
483,David Wells,TAM,TE,28,4,0,0,0,0,0,0,0,0,,0,2,2,-10,-5.00,0,1,0,0,,,-1,1.0,1.0,,,104,,WellDa00
484,Blaine Gabbert,KAN,QB,34,1,0,3,5,31,0,2,2,-1,-0.50,0,0,0,0,,0,0,0,0,,,-3,-2.9,-0.9,-0.9,,54,,GabbBl00
485,Gunner Olszewski,PIT,WR,27,2,0,0,0,0,0,0,0,0,,0,1,1,0,0.00,0,2,2,0,,,-4,-3.0,-1.0,-3.5,,190,,OlszGu00
